{
    "total_runtime": 62.81034541130066,
    "num_documents": 1,
    "input_load_time": 0,
    "workflows": {
        "create_base_text_units": {
            "overall": 0.17063069343566895,
            "0_orderby": 0.002000570297241211,
            "1_zip": 0.003000974655151367,
            "2_aggregate_override": 0.0040035247802734375,
            "3_chunk": 0.12828922271728516,
            "4_select": 0.003002643585205078,
            "5_unroll": 0.003997087478637695,
            "6_rename": 0.003344297409057617,
            "7_genid": 0.003000974655151367,
            "8_unzip": 0.0029981136322021484,
            "9_copy": 0.00500178337097168,
            "10_filter": 0.009998798370361328
        },
        "create_base_extracted_entities": {
            "overall": 48.496888160705566,
            "0_entity_extract": 48.483015298843384,
            "1_merge_graphs": 0.009557247161865234
        },
        "create_summarized_entities": {
            "overall": 0.020331859588623047,
            "0_summarize_descriptions": 0.015529632568359375
        },
        "create_base_entity_graph": {
            "overall": 0.023447275161743164,
            "0_cluster_graph": 0.014394283294677734,
            "1_select": 0.005003690719604492
        },
        "create_final_entities": {
            "overall": 0.9791829586029053,
            "0_unpack_graph": 0.00740814208984375,
            "1_rename": 0.00717926025390625,
            "2_select": 0.0060079097747802734,
            "3_dedupe": 0.005991220474243164,
            "4_rename": 0.0070002079010009766,
            "5_filter": 0.014005661010742188,
            "6_text_split": 0.008002758026123047,
            "7_drop": 0.005991935729980469,
            "8_merge": 0.012140512466430664,
            "9_text_embed": 0.8763213157653809,
            "10_drop": 0.007018089294433594,
            "11_filter": 0.017005205154418945
        },
        "create_final_nodes": {
            "overall": 0.14267921447753906,
            "0_layout_graph": 0.015999317169189453,
            "1_unpack_graph": 0.010004043579101562,
            "2_unpack_graph": 0.009995460510253906,
            "3_drop": 0.009152889251708984,
            "4_filter": 0.019004106521606445,
            "5_select": 0.008994340896606445,
            "6_rename": 0.009002685546875,
            "7_join": 0.012998819351196289,
            "8_convert": 0.030440092086791992,
            "9_rename": 0.01008749008178711
        },
        "create_final_communities": {
            "overall": 0.21967554092407227,
            "0_unpack_graph": 0.011005878448486328,
            "1_unpack_graph": 0.011999368667602539,
            "2_aggregate_override": 0.01100015640258789,
            "3_join": 0.014001607894897461,
            "4_join": 0.02499842643737793,
            "5_concat": 0.011000871658325195,
            "6_filter": 0.026999950408935547,
            "7_aggregate_override": 0.012206077575683594,
            "8_join": 0.014295578002929688,
            "9_filter": 0.02575206756591797,
            "10_fill": 0.011910438537597656,
            "11_merge": 0.013006925582885742,
            "12_copy": 0.010991811752319336,
            "13_select": 0.01179814338684082
        },
        "join_text_units_to_entity_ids": {
            "overall": 0.05129599571228027,
            "0_select": 0.011977672576904297,
            "1_unroll": 0.014026403427124023,
            "2_aggregate_override": 0.01339578628540039
        },
        "create_final_relationships": {
            "overall": 0.17616534233093262,
            "0_unpack_graph": 0.015097856521606445,
            "1_filter": 0.02955150604248047,
            "2_rename": 0.014441251754760742,
            "3_filter": 0.029667377471923828,
            "4_drop": 0.013758182525634766,
            "5_compute_edge_combined_degree": 0.016028404235839844,
            "6_convert": 0.02852320671081543,
            "7_convert": 0.014093399047851562
        },
        "join_text_units_to_relationship_ids": {
            "overall": 0.07599568367004395,
            "0_select": 0.015494346618652344,
            "1_unroll": 0.015123128890991211,
            "2_aggregate_override": 0.016129732131958008,
            "3_select": 0.015321969985961914
        },
        "create_final_community_reports": {
            "overall": 9.804043769836426,
            "0_prepare_community_reports_nodes": 0.01754164695739746,
            "1_prepare_community_reports_edges": 0.017080307006835938,
            "2_restore_community_hierarchy": 0.018131256103515625,
            "3_prepare_community_reports": 0.02796173095703125,
            "4_create_community_reports": 9.677287578582764,
            "5_window": 0.030994176864624023
        },
        "create_final_text_units": {
            "overall": 0.1655879020690918,
            "0_select": 0.02278900146484375,
            "1_rename": 0.02149367332458496,
            "2_join": 0.026659727096557617,
            "3_join": 0.02615952491760254,
            "4_aggregate_override": 0.02640366554260254,
            "5_select": 0.024079322814941406
        },
        "create_base_documents": {
            "overall": 0.19952845573425293,
            "0_unroll": 0.0208742618560791,
            "1_select": 0.018664836883544922,
            "2_rename": 0.018956422805786133,
            "3_join": 0.021190881729125977,
            "4_aggregate_override": 0.020842552185058594,
            "5_join": 0.02300095558166504,
            "6_rename": 0.01900005340576172,
            "7_convert": 0.04000043869018555
        },
        "create_final_documents": {
            "overall": 0.03899979591369629,
            "0_rename": 0.019998550415039062
        }
    }
}