{
    "total_runtime": 560.4307441711426,
    "num_documents": 1,
    "input_load_time": 0,
    "workflows": {
        "create_base_text_units": {
            "overall": 0.19333672523498535,
            "0_orderby": 0.0029938220977783203,
            "1_zip": 0.004008769989013672,
            "2_aggregate_override": 0.0039997100830078125,
            "3_chunk": 0.14620041847229004,
            "4_select": 0.0029366016387939453,
            "5_unroll": 0.004195690155029297,
            "6_rename": 0.0029973983764648438,
            "7_genid": 0.005000591278076172,
            "8_unzip": 0.004001617431640625,
            "9_copy": 0.004000663757324219,
            "10_filter": 0.011002540588378906
        },
        "create_base_extracted_entities": {
            "overall": 392.0676577091217,
            "0_entity_extract": 392.01630187034607,
            "1_merge_graphs": 0.04735755920410156
        },
        "create_summarized_entities": {
            "overall": 30.425410747528076,
            "0_summarize_descriptions": 30.409719228744507
        },
        "create_base_entity_graph": {
            "overall": 0.09511804580688477,
            "0_cluster_graph": 0.07825303077697754,
            "1_select": 0.00994563102722168
        },
        "create_final_entities": {
            "overall": 1.5696513652801514,
            "0_unpack_graph": 0.0318148136138916,
            "1_rename": 0.015677928924560547,
            "2_select": 0.0028600692749023438,
            "3_dedupe": 0.013039827346801758,
            "4_rename": 0.003371000289916992,
            "5_filter": 0.01552438735961914,
            "6_text_split": 0.01607489585876465,
            "7_drop": 0.006651163101196289,
            "8_merge": 0.0381619930267334,
            "9_text_embed": 1.3783626556396484,
            "10_drop": 0.017497777938842773,
            "11_filter": 0.02198314666748047
        },
        "create_final_nodes": {
            "overall": 0.34589147567749023,
            "0_layout_graph": 0.12143874168395996,
            "1_unpack_graph": 0.04962491989135742,
            "2_unpack_graph": 0.03054523468017578,
            "3_drop": 0.0169675350189209,
            "4_filter": 0.026241064071655273,
            "5_select": 0.010019779205322266,
            "6_rename": 0.0152740478515625,
            "7_join": 0.014803409576416016,
            "8_convert": 0.027866125106811523,
            "9_rename": 0.015672683715820312
        },
        "create_final_communities": {
            "overall": 0.36505794525146484,
            "0_unpack_graph": 0.034415245056152344,
            "1_unpack_graph": 0.04507017135620117,
            "2_aggregate_override": 0.014549732208251953,
            "3_join": 0.016538381576538086,
            "4_join": 0.029854774475097656,
            "5_concat": 0.01174783706665039,
            "6_filter": 0.04531073570251465,
            "7_aggregate_override": 0.012474298477172852,
            "8_join": 0.024316072463989258,
            "9_filter": 0.03651118278503418,
            "10_fill": 0.029714584350585938,
            "11_merge": 0.014825820922851562,
            "12_copy": 0.014834403991699219,
            "13_select": 0.018043041229248047
        },
        "join_text_units_to_entity_ids": {
            "overall": 0.05914139747619629,
            "0_select": 0.013178110122680664,
            "1_unroll": 0.016138553619384766,
            "2_aggregate_override": 0.01571965217590332
        },
        "create_final_relationships": {
            "overall": 0.23733782768249512,
            "0_unpack_graph": 0.048143625259399414,
            "1_filter": 0.0354161262512207,
            "2_rename": 0.015372514724731445,
            "3_filter": 0.028360366821289062,
            "4_drop": 0.01577448844909668,
            "5_compute_edge_combined_degree": 0.03111410140991211,
            "6_convert": 0.03402304649353027,
            "7_convert": 0.014175176620483398
        },
        "join_text_units_to_relationship_ids": {
            "overall": 0.12425661087036133,
            "0_select": 0.032120704650878906,
            "1_unroll": 0.016088008880615234,
            "2_aggregate_override": 0.04755544662475586,
            "3_select": 0.015912771224975586
        },
        "create_final_community_reports": {
            "overall": 131.91354274749756,
            "0_prepare_community_reports_nodes": 0.016020774841308594,
            "1_prepare_community_reports_edges": 0.03150796890258789,
            "2_restore_community_hierarchy": 0.03157830238342285,
            "3_prepare_community_reports": 0.14358854293823242,
            "4_create_community_reports": 131.6429901123047,
            "5_window": 0.01604747772216797
        },
        "create_final_text_units": {
            "overall": 0.19334721565246582,
            "0_select": 0.022725582122802734,
            "1_rename": 0.024627685546875,
            "2_join": 0.04749894142150879,
            "3_join": 0.03387308120727539,
            "4_aggregate_override": 0.014094829559326172,
            "5_select": 0.034651756286621094
        },
        "create_base_documents": {
            "overall": 0.23869824409484863,
            "0_unroll": 0.03177928924560547,
            "1_select": 0.01625514030456543,
            "2_rename": 0.015271902084350586,
            "3_join": 0.03159332275390625,
            "4_aggregate_override": 0.015862226486206055,
            "5_join": 0.0337064266204834,
            "6_rename": 0.01415109634399414,
            "7_convert": 0.04812812805175781
        },
        "create_final_documents": {
            "overall": 0.05162525177001953,
            "0_rename": 0.030490398406982422
        }
    }
}